{"stats":{"minecraft:killed_by":{"minecraft:iron_golem":1,"minecraft:zombie":1},"minecraft:used":{"minecraft:water_bucket":15,"minecraft:diamond_pickaxe":54,"minecraft:white_wool":1,"minecraft:dirt":9,"minecraft:cobblestone":34,"minecraft:mutton":1,"minecraft:crafting_table":1,"minecraft:bucket":12},"minecraft:custom":{"minecraft:time_since_rest":498,"minecraft:sprint_one_cm":25245,"minecraft:damage_taken":514,"minecraft:walk_one_cm":25713,"minecraft:mob_kills":3,"minecraft:drop":4,"minecraft:damage_dealt":452,"minecraft:swim_one_cm":877,"minecraft:interact_with_crafting_table":2,"minecraft:fly_one_cm":62367,"minecraft:crouch_one_cm":56,"minecraft:play_time":15924,"minecraft:deaths":2,"minecraft:sneak_time":51,"minecraft:walk_under_water_one_cm":1277,"minecraft:jump":263,"minecraft:leave_game":2,"minecraft:walk_on_water_one_cm":2748,"minecraft:time_since_death":0,"minecraft:total_world_time":15924,"minecraft:fall_one_cm":9076},"minecraft:mined":{"minecraft:grass":97,"minecraft:grass_block":16,"minecraft:oak_log":8,"minecraft:sand":9,"minecraft:tall_grass":5,"minecraft:stone":54},"minecraft:dropped":{"minecraft:porkchop":3,"minecraft:wheat_seeds":10,"minecraft:mutton":1},"minecraft:killed":{"minecraft:sheep":2,"minecraft:pig":1},"minecraft:picked_up":{"minecraft:porkchop":3,"minecraft:sand":9,"minecraft:oak_log":8,"minecraft:dirt":15,"minecraft:wheat_seeds":10,"minecraft:mutton":2,"minecraft:white_wool":1,"minecraft:cobblestone":53},"minecraft:crafted":{"minecraft:wooden_sword":1,"minecraft:oak_planks":32,"minecraft:crafting_table":1,"minecraft:stick":4}},"DataVersion":3465}