{"stats":{"minecraft:custom":{"minecraft:time_since_rest":582,"minecraft:deaths":1,"minecraft:play_time":4884,"minecraft:sprint_one_cm":12181,"minecraft:damage_taken":299,"minecraft:walk_one_cm":13997,"minecraft:walk_under_water_one_cm":1277,"minecraft:mob_kills":2,"minecraft:drop":2,"minecraft:jump":136,"minecraft:damage_dealt":345,"minecraft:time_since_death":556,"minecraft:walk_on_water_one_cm":2748,"minecraft:total_world_time":4884,"minecraft:swim_one_cm":877,"minecraft:fall_one_cm":3048,"minecraft:fly_one_cm":27963},"minecraft:killed_by":{"minecraft:iron_golem":1},"minecraft:dropped":{"minecraft:porkchop":3,"minecraft:wheat_seeds":6},"minecraft:mined":{"minecraft:grass":52,"minecraft:grass_block":9,"minecraft:sand":9,"minecraft:tall_grass":5,"minecraft:stone":54},"minecraft:used":{"minecraft:water_bucket":15,"minecraft:diamond_pickaxe":54,"minecraft:dirt":2,"minecraft:cobblestone":34,"minecraft:bucket":12},"minecraft:picked_up":{"minecraft:wheat_seeds":6,"minecraft:porkchop":3,"minecraft:sand":9,"minecraft:dirt":8,"minecraft:cobblestone":53},"minecraft:killed":{"minecraft:sheep":1,"minecraft:pig":1}},"DataVersion":3465}