{"stats":{"minecraft:custom":{"minecraft:time_since_rest":8617,"minecraft:deaths":1,"minecraft:play_time":12919,"minecraft:sprint_one_cm":17684,"minecraft:damage_taken":299,"minecraft:walk_one_cm":16888,"minecraft:walk_under_water_one_cm":1277,"minecraft:mob_kills":3,"minecraft:drop":2,"minecraft:jump":170,"minecraft:damage_dealt":425,"minecraft:leave_game":1,"minecraft:time_since_death":8591,"minecraft:walk_on_water_one_cm":2748,"minecraft:total_world_time":12919,"minecraft:swim_one_cm":877,"minecraft:fall_one_cm":5405,"minecraft:fly_one_cm":36058},"minecraft:killed_by":{"minecraft:iron_golem":1},"minecraft:dropped":{"minecraft:porkchop":3,"minecraft:wheat_seeds":6},"minecraft:mined":{"minecraft:grass":91,"minecraft:grass_block":14,"minecraft:sand":9,"minecraft:tall_grass":5,"minecraft:stone":54},"minecraft:used":{"minecraft:water_bucket":15,"minecraft:diamond_pickaxe":54,"minecraft:dirt":7,"minecraft:cobblestone":34,"minecraft:bucket":12},"minecraft:picked_up":{"minecraft:wheat_seeds":9,"minecraft:porkchop":3,"minecraft:sand":9,"minecraft:mutton":1,"minecraft:white_wool":1,"minecraft:dirt":13,"minecraft:cobblestone":53},"minecraft:killed":{"minecraft:sheep":2,"minecraft:pig":1}},"DataVersion":3465}